ONTO_SPB,0.002408959174914244
SWX_SPB,0.0014385595916165494
ATRC_SPB,0.001692748440178536
KOD_SPB,0.0035919935509600414
UFPI_SPB,0.0015635027809559725
LSTR_SPB,0.0015313531198752034
AVNS_SPB,0.0016043366662563821
LII_SPB,0.0015644357005006459
DRQ_SPB,0.0020018779866700764
ALTR_SPB,0.0017701465301181653
CSII_SPB,0.002736912982008418
COR_SPB,0.0016698939738402452
PEGA_SPB,0.0015970491764912822
MNRO_SPB,0.0029244824898491894
PRFT_SPB,0.0016312165502992426
CCOI_SPB,0.001553320142420356
NKNCP,0.00042590497483332713
LECO_SPB,0.001233226327819948
KTSB,0.0019801440086019083
LNTA,0.0009829753088358936
TTEK_SPB,0.0022877832789654612
BLD_SPB,0.0018638849272318142
BLKB_SPB,0.0015667245499356882
CR_SPB,0.0012502425953798643
LASR_SPB,0.0029550027049305093
GCO_SPB,0.003242895143775529
ISKJ,0.0016865544703493806
RETA_SPB,0.0026836585210417104
AX_SPB,0.0017737174346129376
SITE_SPB,0.001859187615054549
EME_SPB,0.0012885341624371987
EPAM_SPB,0.0013309136516835983
DIOD_SPB,0.0016434554474301863
MUSA_SPB,0.0019074775712182562
HII_SPB,0.0013364394961679499
VREX_SPB,0.0034743005197068045
BTAI_SPB,0.004165951227672734
EVER_SPB,0.0026757022837474594
HLI_SPB,0.002043927839304762
FRPT_SPB,0.001695543706370868
MPWR_SPB,0.002047898271362052
NWE_SPB,0.001306353963384572
TPTX_SPB,0.0022848084507780947
VRNS_SPB,0.002127499546350071
TRNO_SPB,0.0010982340387396925
BAND_SPB,0.0025529469713073405
NGVT_SPB,0.0015894987737517159
OMCL_SPB,0.0023672816346164073
PRGS_SPB,0.001394364528041091
TRHC_SPB,0.00359846919336329
SAFM_SPB,0.0016108761568893184
BDC_SPB,0.0016034140876723419
MEDP_SPB,0.0013606818952273685
CRL_SPB,0.0013102322970989639
RTKMP,0.000794790866330566
CLDT_SPB,0.0021112444339360767
HHC_SPB,0.00150713246216096
CLH_SPB,0.0012178896809318205
TNET_SPB,0.0015063779521378676
WK_SPB,0.0018648904542781385
SKM_SPB,0.0006780643912816833
XNCR_SPB,0.0022116675933201457
RACE_SPB,0.0012356858768188214
ENV_SPB,0.0017085373963495343
ATKR_SPB,0.0025066224771860975
FCN_SPB,0.0012942737283858558
CHH_SPB,0.0011107868651126984
ETLN,0.000769090472144258
ALLK_SPB,0.002707300430317489
COLM_SPB,0.0022080070544006824
POWI_SPB,0.0023184808197475822
TRUP_SPB,0.0019315618212387706
GWW_SPB,0.0016635539522665839
NTGR_SPB,0.003286635324279749
ECPG_SPB,0.0021159677314994203
GBCI_SPB,0.0014258030601688077
KFY_SPB,0.0013808819169883412
MMS_SPB,0.001243065452978303
CTB_SPB,0.0017718966248256066
DLX_SPB,0.0026047393957666443
IBTX_SPB,0.0014824877495645894
PETQ_SPB,0.002468763724789104
MAIL,0.000747559783525094
LPL_SPB,0.0014072418367173667
DLTH_SPB,0.002880031858936371
PGTI_SPB,0.0016313412467758419
ZUMZ_SPB,0.0023564135047083492
MTN_SPB,0.0015400171164378935
BFAM_SPB,0.0015112845115652837
VAC_SPB,0.002155645600759816
GCP_SPB,0.001486572070394453
JLL_SPB,0.0014596730349480216
MGNT,0.0010121594829547954
CALM_SPB,0.0015539662894000796
CSL_SPB,0.0014447509596645625
FUL_SPB,0.0015968105126800871
PCTY_SPB,0.0018943061870107043
CRS_SPB,0.003070157200339469
VCRA_SPB,0.002001972459449333
IPGP_SPB,0.001561417684467954
INGN_SPB,0.0017252137755876782
WEX_SPB,0.0016351080610421595
IRTC_SPB,0.00717306976288045
CFR_SPB,0.0015526886760670057
CNST_SPB,0.003493971701002058
ESS_SPB,0.001478268897856772
WAFD_SPB,0.0014954855688962328
QLYS_SPB,0.002449749025782248
AXGN_SPB,0.0025145889984302776
FIZZ_SPB,0.0073705957819757825
LGND_SPB,0.0052638887850376785
VC_SPB,0.001713117026961118
MASI_SPB,0.0014397972278607546
SMG_SPB,0.0024068664524485453
WTTR_SPB,0.0035131719303058326
CMD_SPB,0.0013205021798377635
BSPB,0.0011841584683443195
PSN_SPB,0.001498554374292492
ANAB_SPB,0.003125505173141524
MKSI_SPB,0.0021940348745308333
BEAT_SPB,0.00020801968949686034
LOPE_SPB,0.001318778443046172
NVRO_SPB,0.0021417785269031535
DLB_SPB,0.0013273591948370679
BKNG_SPB,0.0016658299432565757
NTCT_SPB,0.0019489056213255272
HE_SPB,0.0011571388665573643
XLRN_SPB,0.002426785852835775
AWI_SPB,0.0013535295495472571
NSP_SPB,0.0014437293118046476
TDG_SPB,0.001593880797079703
PNFP_SPB,0.001502918476666816
EXP_SPB,0.0016999053879452547
CBRL_SPB,0.0016657267437687768
ARVN_SPB,0.0031215203802638504
GMS_SPB,0.0018927765663218168
PEN_SPB,0.002748721504151243
DECK_SPB,0.0020958887521676044
RS_SPB,0.0012968260507026427
PBH_SPB,0.002223378495214301
PRAH_SPB,0.001260640004652407
WTFC_SPB,0.0015317305845909536
BCO_SPB,0.0017845478300979817
AMN_SPB,0.0015147769311531604
ATGE_SPB,0.0026785462445344595
EQIX_SPB,0.0011777300738762373
DCPH_SPB,0.00265666079845598
QTWO_SPB,0.0017464382554342997
SWAV_SPB,0.0027419608517673536
LFC_SPB,0.0006146989521080635
ALRM_SPB,0.001968243201230924
AVA_SPB,0.0014840831560266558
SON_SPB,0.0011225084372924192
SIVB_SPB,0.0016837671785155705
GBX_SPB,0.001977239090985981
WWD_SPB,0.001788156359086749
AZPN_SPB,0.001846470684967941
DCI_SPB,0.0011062012493218225
AYI_SPB,0.001822829105100982
LNTH_SPB,0.002118490340721806
CVLT_SPB,0.0021419366469021613
TTC_SPB,0.0009936987499911385
HAE_SPB,0.002239627430626539
IIPR_SPB,0.00235138977365747
WHD_SPB,0.0021563237071287812
IEX_SPB,0.001391723791099074
ZBRA_SPB,0.0012094380448630629
GTLS_SPB,0.002446347855161392
MANH_SPB,0.002218826357263069
AFG_SPB,0.0022662047541377145
EVR_SPB,0.0020376479040727195
SOHU_SPB,0.0034544104355642
IDXX_SPB,0.001657994532086377
FORM_SPB,0.0023019569145754197
SAIC_SPB,0.0012225415801624512
MTH_SPB,0.002349846644514114
IART_SPB,0.0015104898559820707
WST_SPB,0.0013754350934338168
NARI_SPB,0.0030438735376750966
ANSS_SPB,0.0012324969945039647
AIZ_SPB,0.0012218575709674602
CBSH_SPB,0.001151779673335998
DY_SPB,0.0019643013745247657
RGNX_SPB,0.002895365101593637
CMG_SPB,0.00133059686481493
UCTT_SPB,0.002430649334521886
MSM_SPB,0.001564967672465105
RGEN_SPB,0.0017094740395151523
RGA_SPB,0.00159276603181505
UTHR_SPB,0.0014475661558076085
JKHY_SPB,0.001282883049915916
SNA_SPB,0.0019264997933750696
EEFT_SPB,0.0018682217786620224
GL_SPB,0.0013257719692662008
SMTC_SPB,0.0017681628637463969
STAA_SPB,0.003031665133554447
GRA_SPB,0.0011385224402573886
BWXT_SPB,0.0012335108424111384
MXL_SPB,0.0033037108296089237
SLGN_SPB,0.0013686370237364005
JCOM_SPB,0.0015726655852842028
ROP_SPB,0.0016052075621877388
DNLI_SPB,0.0030759992994016613
QNST_SPB,0.002447245841954763
DDS_SPB,0.0053746811981626105
RARE_SPB,0.002756438201235868
HRC_SPB,0.0020692890750597577
NXST_SPB,0.0021146715434675616
TCS_SPB,0.006228227456721005
ARCT_SPB,0.005096043157677265
LSNG,0.0017999989515918202
POST_SPB,0.0016875190534199793
AMG_SPB,0.001579642711713628
BL_SPB,0.002151150071923947
IT_SPB,0.0011218013217865089
CDLX_SPB,0.0026073207112579243
RGLD_SPB,0.001762937427404551
WAT_SPB,0.0016287960576373676
EVBG_SPB,0.0020564026467538993
NJR_SPB,0.0018211673606381325
BJRI_SPB,0.002423581170677328
SHW_SPB,0.0011716069746520543
ZYXI_SPB,0.004027683301018627
SNBR_SPB,0.002977005270972009
SELG,0.0023312842933857344
TPIC_SPB,0.002864790260662209
TORS,0.0009418132727833926
KEX_SPB,0.0020814262792097464
GOSS_SPB,0.002433440177217878
WING_SPB,0.0019558202365344566
EBS_SPB,0.0021812289406404153
VSAT_SPB,0.0029329738494960644
HEI_SPB,0.0014153600923032768
MC_SPB,0.0015754226105878615
BPMC_SPB,0.0023224804391350166
INGR_SPB,0.0017380575979142451
OLED_SPB,0.0014309327157156072
SAGO,0.0022838466287223237
PB_SPB,0.0013175939431202095
ALV_SPB,0.0010741274285089154
FFIN_SPB,0.0015393966015973214
MSCI_SPB,0.0019630410727795823
MAN_SPB,0.001546823199940185
GKOS_SPB,0.0019249341976735133
MMSI_SPB,0.001863583325321544
BRKS_SPB,0.0027903605270679843
OZON,0.0016576004339717535
ARNA_SPB,0.0022265172785613787
MELI_SPB,0.0021866072468067145
MRTX_SPB,0.0032561338101708393
AVY_SPB,0.001524598080338969
SUPN_SPB,0.002112024941356938
THS_SPB,0.0022682807607341086
QUOT_SPB,0.002420429428208004
UBSI_SPB,0.0018274841655785059
RUGR,0.0010886273218437947
CNTLP,0.001208684929193665
RYN_SPB,0.0015099538152643771
GVA_SPB,0.00224391090892638
CTAS_SPB,0.0010527322062455653
KRG_SPB,0.0018981007744707519
ABMD_SPB,0.00262715978775371
GNL_SPB,0.001324161309999457
ITT_SPB,0.0011778143807723452
GTHX_SPB,0.0040485864654766866
AGCO_SPB,0.0019541565944251353
FTDR_SPB,0.001629269928624901
ASH_SPB,0.0018712482993915366
CSOD_SPB,0.0013515930919882127
RRGB_SPB,0.004351828219590047
VCEL_SPB,0.00311218270393731
ARW_SPB,0.0016431215082846114
JACK_SPB,0.0019107868894413184
STMP_SPB,0.001980633838271868
JELD_SPB,0.0022042364854163382
OSK_SPB,0.002009549657902963
MOH_SPB,0.0015881687846762513
CARA_SPB,0.0027283964590224612
HIBB_SPB,0.0032023824201476165
VCYT_SPB,0.00423959060988905
IBKR_SPB,0.0022889575181936008
PCRX_SPB,0.0026568820050592674
RBCM,0.0008803870478542856
QDEL_SPB,0.003129552583270379
QTS_SPB,0.0012244116215075036
BECN_SPB,0.0019357564828039245
LEA_SPB,0.0018616411304703834
HUBS_SPB,0.0021591407124266337
CHEF_SPB,0.002999421871282678
PODD_SPB,0.0016589562739324165
MLHR_SPB,0.001957719633807228
FLWS_SPB,0.004193409326483767
MAA_SPB,0.0013161441678505772
DRNA_SPB,0.0034974099968302264
SEIC_SPB,0.001393484028135075
SYNA_SPB,0.0019972609612239505
ESPR_SPB,0.00391612260234149
RPD_SPB,0.0019913195220075744
NFG_SPB,0.0014050464811163478
ORLY_SPB,0.001377959630306409
BBIO_SPB,0.002962474785101418
MLM_SPB,0.0013509076288585776
TCBI_SPB,0.001851584229779833
RMD_SPB,0.0015070020093166676
PFPT_SPB,0.001983422347474035
NUS_SPB,0.0015968192525353125
TKR_SPB,0.0019471250954293993
RPM_SPB,0.00111386520607771
VRSN_SPB,0.001048039725517146
TXG_SPB,0.002544988265133068
CRI_SPB,0.0016994207718386979
CCXI_SPB,0.003087778527445131
SYNH_SPB,0.0018599233301960717
VNE_SPB,0.0022872028217687276
HEAR_SPB,0.003994811760100989
NATI_SPB,0.0013541695533547888
WBS_SPB,0.0016141471298242254
WLK_SPB,0.001659570377970177
AMEZ,0.0032401341402509966
GGG_SPB,0.0013372000571560082
EPC_SPB,0.0020137570519894394
NTCO_SPB,0.0016405334290315473
R_SPB,0.0018344510882182573
SF_SPB,0.0019581742135856154
WWW_SPB,0.0017726396790317287
ALLO_SPB,0.0036736345491625603
VNDA_SPB,0.001991349141335811
WGO_SPB,0.002692680410868632
PAYC_SPB,0.001765950684769851
RAMP_SPB,0.002146301779029313
MTLRP,0.0008243428906185956
NWS_SPB,0.0016250743059367226
BRKR_SPB,0.0016664876597511492
FOE_SPB,0.0019227744950415667
AGIO_SPB,0.0026750359315201484
SBAC_SPB,0.001280310204490752
MSGN_SPB,0.0034555587495602234
ISRG_SPB,0.001181658284303013
UHS_SPB,0.001522458802832747
GMED_SPB,0.0013270370856225957
HSC_SPB,0.0023925276999625716
AVNT_SPB,0.0018375689314495832
LRN_SPB,0.0027930700730098837
POR_SPB,0.0012879576990400868
PTCT_SPB,0.002692784617713413
GNRC_SPB,0.0017447691393081073
YNDX,0.0009580288015050708
CRUS_SPB,0.0022016812789506434
PINC_SPB,0.0018568290755758379
LPLA_SPB,0.0018625847367481606
POLY,0.0013820127805439582
FGEN_SPB,0.0025244268885514453
LBRDK_SPB,0.0016915964280743464
BR_SPB,0.0012156602490855067
BLK_SPB,0.001156599270985853
NUVA_SPB,0.0019495033355607617
GWRE_SPB,0.001236495843434914
SRCL_SPB,0.001351891185195473
WCC_SPB,0.001970295715504658
MIDD_SPB,0.0015198068858921718
REYN_SPB,0.0017703190409068556
FLT_SPB,0.0014930272736446968
ALLE_SPB,0.0014672174541487245
ALNY_SPB,0.002418744282616928
TORSP,0.00047450198350325025
SAGE_SPB,0.0026813943264255226
SHOO_SPB,0.0021016487530477377
FFIV_SPB,0.0013729473926383084
CDNA_SPB,0.002938262348304639
NMIH_SPB,0.0020717019072511787
WERN_SPB,0.00160168687651314
CGEN_SPB,0.0032751757025887645
ACIA_SPB,0.00014578861174819582
GDOT_SPB,0.0018734288843445357
LH_SPB,0.0013304844357725372
NTRA_SPB,0.002638279836990528
ACIW_SPB,0.0014175488716424247
WLTW_SPB,0.0012927329432565334
AXON_SPB,0.002115055172803128
RXN_SPB,0.0018083817344692894
HCSG_SPB,0.001991344895032106
VRSK_SPB,0.0009722896383016405
AN_SPB,0.0019129049940979196
PII_SPB,0.0017721510801395489
ENR_SPB,0.0016933747139162903
ICPT_SPB,0.003654800639327733
UFS_SPB,0.0021506578293398067
AJRD_SPB,0.0004445984524873561
PGNY_SPB,0.0028583675725811545
EHTH_SPB,0.0038491065672838173
PKG_SPB,0.0016994023549124922
EYE_SPB,0.002658854941368975
TDS_SPB,0.0015049063587335163
DPZ_SPB,0.0011034699999614465
NDAQ_SPB,0.001221807256263709
PZZA_SPB,0.002031597271882971
PKI_SPB,0.001988092780281807
WAL_SPB,0.001596548931152413
SJI_SPB,0.0020073794432763237
KMT_SPB,0.0023188998904315437
VAR_SPB,0.00019114893752822702
MHK_SPB,0.0015199728039821058
TENB_SPB,0.0026837372245230233
ANET_SPB,0.0012140690347932192
WHR_SPB,0.001982417637907531
MTB_SPB,0.0014739872216500253
H_SPB,0.0016658892383545367
REGI_SPB,0.0037545214880642663
NTLA_SPB,0.00467354118171215
IRDM_SPB,0.0025369427195150477
SINA_SPB,0.0008416749954779251
FIVN_SPB,0.0021472897757521636
TATNP,0.0009015600223512683
ZG_SPB,0.0022298103280567845
ARE_SPB,0.0011745613966097194
ODFL_SPB,0.0014482041000409627
NBIX_SPB,0.0022321550101864827
BKU_SPB,0.0017967454067146903
GPC_SPB,0.0014031317014955972
CDK_SPB,0.0012103531807053094
SWI_SPB,0.002363578148149288
AXSM_SPB,0.0021651892597136686
AVT_SPB,0.0020907059184628405
MCO_SPB,0.0010663375331739552
SCCO_SPB,0.001551454056652058
ZGNX_SPB,0.0030397747299501627
FLOT,0.0002498587728065055
WRB_SPB,0.001276551756172592
RP_SPB,0.0004062434257379174
STSB,0.0016001228694060554
EFX_SPB,0.0011786099605934973
BOOT_SPB,0.00296944760323458
NEO_SPB,0.002445517514876354
AVB_SPB,0.0014354721912417522
CLGX_SPB,0.0009132556051054413
ROK_SPB,0.0015546963632762233
ATRA_SPB,0.0032486013793806786
CINF_SPB,0.0013422392329733685
WYND_SPB,0.001953212809882515
LPSN_SPB,0.002269889072159424
AERI_SPB,0.003477709823209845
BKI_SPB,0.0010916918812743624
SNX_SPB,0.0014883186384697215
AMP_SPB,0.0014114001187462573
APPN_SPB,0.004233242928610388
FMC_SPB,0.001395452759092927
MRC_SPB,0.004589157913760888
FNKO_SPB,0.0036246141733999584
SAGOP,0.003336870748314216
HQY_SPB,0.002666306104009505
DOV_SPB,0.0014726878511127672
PRG_SPB,0.0020561236271257983
KTB_SPB,0.0021851920713277656
GTN_SPB,0.0018495776174299594
PLCE_SPB,0.0034993086818243145
AAN_SPB,0.0030390032035161
DVEC,0.000823692950440022
RJF_SPB,0.0014622410803015106
AMCX_SPB,0.004453742927621353
MTOR_SPB,0.002347522394226283
BLUE_SPB,0.002158037093411344
TW_SPB,0.00190840624617524
JBHT_SPB,0.0014565504893886763
THO_SPB,0.0025649998886978077
FATE_SPB,0.0036340842823431104
OIS_SPB,0.0033858706068384727
SMPL_SPB,0.0020423183352443063
CE_SPB,0.00162117734246462
AVLR_SPB,0.0024073109737899638
RTSBP,0.002140401894099664
WH_SPB,0.0018600929320899782
HXL_SPB,0.002182777642895006
ADPT_SPB,0.00276756115915945
PSA_SPB,0.0012204170530681394
MFGP_SPB,0.0017378208879985254
PTC_SPB,0.001982629780726677
BURL_SPB,0.0016912540794374426
RASP,0.0013194916058812556
REGN_SPB,0.0015076423817094002
BC_SPB,0.00213946125072818
EXR_SPB,0.0011770311828378278
EV_SPB,0.0008362600089902374
J_SPB,0.0015541548812056027
KCHE,0.002796376746919588
GBT_SPB,0.0029595825459696216
AJG_SPB,0.001166512351217569
NOC_SPB,0.0011684709622041892
SJM_SPB,0.0018363354129193813
NEWR_SPB,0.0017881070032354164
ASSB,0.001487166196104402
AWK_SPB,0.001228523987874675
ELS_SPB,0.0014525004974613098
FESH,0.0016385258729631996
RH_SPB,0.0020142314530092902
IPHI_SPB,0.0012914854806227788
ALGN_SPB,0.002026020726310206
GRMN_SPB,0.0010878529549070612
PPC_SPB,0.0016227468186630692
CDW_SPB,0.0014128179025254084
YEXT_SPB,0.0023553576177861007
WSC_SPB,0.0022973335229043144
PH_SPB,0.0017873821122680635
HA_SPB,0.002866864808069031
SNPS_SPB,0.0013549183793933293
XYL_SPB,0.0015932432359348422
MYGN_SPB,0.0034826683619932136
PRSP_SPB,0.0003440421271014203
INMD_SPB,0.0027158366607926243
IAC_SPB,0.0019452719383718233
CGNX_SPB,0.0013582760029812709
SRC_SPB,0.001730722562059539
SCI_SPB,0.0011227737196590878
IRBT_SPB,0.0056736164314099965
SGEN_SPB,0.0020005546321299637
IONS_SPB,0.002081226163245541
GO_SPB,0.0023095965725492677
CHMF,0.000991330170631511
AAP_SPB,0.0019297050488473536
BXP_SPB,0.0014535259184003473
GSKY_SPB,0.002620457098389125
ALSN_SPB,0.001561668252824107
KSU_SPB,0.0013870859663780853
BAH_SPB,0.0018596264784707644
CTLT_SPB,0.0017830366217009533
RNG_SPB,0.002111154950338347
VRNT_SPB,0.0024386857692654555
HAIN_SPB,0.0016419174810849365
FIVE_SPB,0.002073550861100795
TXRH_SPB,0.0021022143274287133
CHKP_SPB,0.0017181553179696082
FLS_SPB,0.0016623161495827787
VIR_SPB,0.009525190238978246
VMC_SPB,0.0013538499860757782
EDIT_SPB,0.004185568734012969
HRTX_SPB,0.0031229453330372256
PDCO_SPB,0.0023390744926294516
GH_SPB,0.0023476898503890743
HSY_SPB,0.001252863635646292
L_SPB,0.0011255001013527677
ENTG_SPB,0.002016495905405902
OSUR_SPB,0.0031054411886823202
PFGC_SPB,0.0027416093826497247
HGV_SPB,0.0020300620332427783
HUM_SPB,0.0018121213874068589
LDOS_SPB,0.001487653250822083
SLG_SPB,0.002411804516509936
DNOW_SPB,0.003169081009011106
CONE_SPB,0.0014188282608115417
REG_SPB,0.0019407457977862915
ADS_SPB,0.003025694356680139
EWBC_SPB,0.0017935367801847981
FLO_SPB,0.0011953010302600338
ULTA_SPB,0.001426425865958836
ILMN_SPB,0.0021542258258247875
NCR_SPB,0.0018580069170751065
EMN_SPB,0.001585792453289126
STAG_SPB,0.0013415273381620306
CORT_SPB,0.0023450878056392303
TASBP,0.0027132883493386174
RTSB,0.004689375809492693
MD_SPB,0.002532949752483725
APD_SPB,0.0018373202546264555
TMX_SPB,0.0013441878000735004
SEDG_SPB,0.002838539068881926
TTMI_SPB,0.0015801753707540014
DXCM_SPB,0.001943097295632826
MSI_SPB,0.0012354317702909109
WWE_SPB,0.0019961175289174523
MDU_SPB,0.0013438117051564325
YKENP,0.0026792064141972953
CHTR_SPB,0.0018312074342229112
NVTK,0.001252958677163154
HAS_SPB,0.0013037842145824897
CCK_SPB,0.0013961438750591162
ITCI_SPB,0.002659277189772837
RHI_SPB,0.002041589215947552
SIBN,0.0007881052539613265
TROW_SPB,0.0015529953773436296
NTRS_SPB,0.0013596272752984513
DAR_SPB,0.002201767390177551
RSG_SPB,0.0009291788718053201
YY_SPB,0.00240774020420652
EXPD_SPB,0.0012029293934431992
LKOH,0.0011547456789102479
FND_SPB,0.0019522183998975512
MDB_SPB,0.002431259950653265
TWNK_SPB,0.0021253867966220903
VIRT_SPB,0.0027907994068036438
CMI_SPB,0.0016218533418132716
SDGR_SPB,0.0025246137572670713
SRPT_SPB,0.0024101948049852274
AME_SPB,0.0012201368265842762
RL_SPB,0.002394145642780952
BHF_SPB,0.002031861696000105
LEG_SPB,0.001531463292746628
AON_SPB,0.001263047330678906
KTSBP,0.0014443582380545795
TRU_SPB,0.0010731900339635819
FBHS_SPB,0.0016990425169178041
ZBH_SPB,0.0015740073723529769
WTRG_SPB,0.0012432327869445568
BRO_SPB,0.0012420717041866434
PD_SPB,0.002433570059437052
SWK_SPB,0.0016161673702525844
ITW_SPB,0.0012042419331603322
DGX_SPB,0.0016738459214446066
URI_SPB,0.0021055178740446087
SHAK_SPB,0.0029434808006877362
TRMB_SPB,0.0013893984484694977
OLLI_SPB,0.003080302186155328
VEEV_SPB,0.0013514307016157402
BILL_SPB,0.003567844913749102
CARG_SPB,0.0023557849462034763
JBL_SPB,0.001419968558762323
IQV_SPB,0.001317132415541932
ROLO,0.006362100543681313
IAA_SPB,0.0018227770195574288
TDC_SPB,0.003991165302777807
LW_SPB,0.001424872054538113
ABC_SPB,0.0017467599987642248
SPGI_SPB,0.0010844501309727663
SEE_SPB,0.0012521716337213387
PANW_SPB,0.0017402010778674848
APTK,0.0007796079903740258
HALO_SPB,0.0021025187699554144
SAIL_SPB,0.002224400482957029
TNDM_SPB,0.0019428865570028785
CARS_SPB,0.0023729540236379653
OGE_SPB,0.0012353010838215032
OC_SPB,0.001672801692294939
GLPI_SPB,0.0011673384408392906
PVH_SPB,0.0024711488525041
FLIR_SPB,0.0008108258996540268
EVH_SPB,0.0020642583618111286
LMT_SPB,0.0011862423282432708
UGI_SPB,0.0014222963686790833
WSM_SPB,0.00229153663554489
SWCH_SPB,0.0016065918134710302
YELP_SPB,0.0025192731532127483
ACM_SPB,0.0015160007781592547
TASB,0.0029259465042295253
BGS_SPB,0.0036397429636911534
INCY_SPB,0.0017318574136270682
RDFN_SPB,0.002940578069302994
RVLV_SPB,0.0030161013934176966
INTU_SPB,0.0012814191932860285
LHX_SPB,0.001405584107702989
SBGI_SPB,0.002271260230682759
CHL_SPB,
VMW_SPB,0.0016050094641653712
BERY_SPB,0.0015457482467566112
TREX_SPB,0.001841816721591364
PWR_SPB,0.0015957417275697964
CLX_SPB,0.0017027863321056047
LNT_SPB,0.0011240654586838535
TSCO_SPB,0.0019769647904476053
HSIC_SPB,0.0014086039464490576
OZON_SPB,0.0026018481796254707
BZUN_SPB,0.00334010896262003
IIVI_SPB,0.002300918669078909
SYK_SPB,0.0015397817179667026
ZYNE_SPB,0.006111551701547346
KLAC_SPB,0.0017259046835830015
STZ_SPB,0.0012494254108127286
CMC_SPB,0.002392971484702385
CFX_SPB,0.0021480685132944694
APH_SPB,0.001137113350453603
ETR_SPB,0.001233980931322851
ACAD_SPB,0.002579832824747205
DK_SPB,0.003689878772484854
CROX_SPB,0.0024498947788616555
XPO_SPB,0.00175785290622178
PPG_SPB,0.0012362353192188998
RUSP,
OII_SPB,0.0032886292465781307
GD_SPB,0.001272272101953575
PFG_SPB,0.001310802208358775
REZI_SPB,0.0025795596382842062
LITE_SPB,0.0022471860792375943
CHRW_SPB,0.0012983248245506662
CREE_SPB,0.003320299733967072
QRVO_SPB,0.002314052946653539
BDX_SPB,0.0014533591599639733
MOBB,
ALB_SPB,0.002373451533392517
BMRN_SPB,0.0014520082220770717
STSBP,0.0012405755468710136
MRSB,0.00109338116445165
MKC_SPB,0.0015886293085851887
ECL_SPB,0.0013084885148615315
IOVA_SPB,0.002480987613728755
MDLA_SPB,0.0032651070287232015
FTNT_SPB,0.0017417127162228587
TWOU_SPB,0.0027438661566736456
TRV_SPB,0.0010981216823097504
NSC_SPB,0.001296366130553743
TTD_SPB,0.0020242013644405092
BLDR_SPB,0.002010461446153258
GDDY_SPB,0.0017025579969172041
ARNC_SPB,0.002812399022954155
AOS_SPB,0.001849652440073633
AEE_SPB,0.001159052235599226
DVA_SPB,0.0014580380492675105
CVET_SPB,0.0030933490443556685
IFF_SPB,0.0026837478955052748
EL_SPB,0.001502850189143675
EGHT_SPB,0.0024939840879981325
CPRT_SPB,0.0013253979833512993
TMO_SPB,0.0013275381263285315
COUP_SPB,0.002270798013983097
TXT_SPB,0.001554231780953929
ANTM_SPB,0.0016125681594156764
CHD_SPB,0.001406847741390512
VRTX_SPB,0.0016577570186346615
WEC_SPB,0.0012981463424996233
ARWR_SPB,0.002797370392984995
AKAM_SPB,0.0016034546521205516
KMX_SPB,0.0017299723679340057
SSNC_SPB,0.0012682859413342467
FOX_SPB,0.001988774351273019
LSCC_SPB,0.0019321160265770659
BIG_SPB,0.0033216260892594647
SRE_SPB,0.001302922427234246
EAT_SPB,0.0027356608244664487
LIFE,0.0018692909412686206
ZUO_SPB,0.0021125291837508784
LEVI_SPB,0.002524993885285516
XP_SPB,0.002033230431269347
WAB_SPB,0.0014593942482304125
KEYS_SPB,0.001252032450062575
TMHC_SPB,0.0024641591616179595
SNY_SPB,0.0007326685912662599
GOOG_SPB,0.0015668949989259347
AYX_SPB,0.0020064139519082565
TEL_SPB,0.001424780559700836
LPX_SPB,0.0017690038956358122
TT_SPB,0.0014481704895944246
YETI_SPB,0.002280548867796209
HTA_SPB,0.0012046990128990434
TAK_SPB,0.0010346248124501215
MGY_SPB,0.0029528259675057214
CME_SPB,0.0012988465407262136
PLNT_SPB,0.0018729669639885804
XRAY_SPB,0.0015646359534195373
SMAR_SPB,0.0023534812927177855
SPOT_SPB,0.0024363900192613443
APTV_SPB,0.0018322980569900943
ADSK_SPB,0.0014137157757130514
CHX_SPB,0.0027033667731123957
ES_SPB,0.001239262528279636
YKEN,0.0023374513461199152
CBRE_SPB,0.001542914595891211
PUMP_SPB,0.0030912705622721786
HTHT_SPB,0.002205558088967318
GNTX_SPB,0.001365432880775846
FSLR_SPB,0.0024685572012806928
VNO_SPB,0.0018875475674848014
NYT_SPB,0.002290301228614071
UPWK_SPB,0.003146262738270761
OI_SPB,0.0020684444311720573
KMB_SPB,0.0010573919990066718
GOOGL_SPB,0.001624477519730978
TTWO_SPB,0.0014892263226938963
ZEN_SPB,0.002286210548613605
TPH_SPB,0.002192131092128568
GPN_SPB,0.0013667158175778636
UDR_SPB,0.0012859016680968618
PCAR_SPB,0.0015311058157638246
BIIB_SPB,0.0019330415755348268
BUD_SPB,0.0009226327429879076
DLR_SPB,0.0012966817764375584
DE_SPB,0.0013382099815631152
MCK_SPB,0.0016213229921698872
NKTR_SPB,0.004007066646739772
WB_SPB,0.0026654587975384727
LRCX_SPB,0.0020006299205407967
SWBI_SPB,0.0028313380438746982
SBRA_SPB,0.001709119901215226
LIN_SPB,0.0011361273973921901
CTXS_SPB,0.0017175909928241145
FNF_SPB,0.0013200378370707398
ALL_SPB,0.001221609933107963
KBH_SPB,0.001999019405573209
CB_SPB,0.0012265452329478276
MMC_SPB,0.0010435749217944683
XEC_SPB,0.0022721090119660675
EXAS_SPB,0.0018433554450054648
CDNS_SPB,0.0013708501299821638
SKX_SPB,0.00218419001696834
WM_SPB,0.0008640485463023273
LULU_SPB,0.0014395664031338399
SBH_SPB,0.003659906272263643
TRMK,0.0009393948087008803
HCA_SPB,0.0017470459021465643
PS_SPB,0.0008888400252092513
YUM_SPB,0.0012479782439449648
UNVR_SPB,0.0014723877645321996
OHI_SPB,0.001303378067591975
OKTA_SPB,0.0018874445376781432
AMT_SPB,0.001160640231940716
CMA_SPB,0.0015775927016247295
NOW_SPB,0.0016666885714242902
ALK_SPB,0.001995476830566479
SPLK_SPB,0.0016851488844061733
MDRX_SPB,0.0016745992135221736
TTM_SPB,0.0018319043219945494
ROL_SPB,0.0012259233024399185
HP_SPB,0.0026121144160363686
CVNA_SPB,0.0032128999919143046
A_SPB,0.001168111942218154
DRI_SPB,0.0017391704091543354
APLE_SPB,0.001619226446890771
CMS_SPB,0.0013547527679798417
BTI_SPB,0.0007418749765220495
PXD_SPB,0.0021709895715021654
COLD_SPB,0.0013030573447758115
DG_SPB,0.0010791513267144964
WRK_SPB,0.0018773733679571252
ZTS_SPB,0.0011887558754101136
CCI_SPB,0.0012060210070819542
ADP_SPB,0.0011024764544766215
WDAY_SPB,0.0019782707072192062
ED_SPB,0.0011570152702917308
TAP_SPB,0.0017267356537821262
CERN_SPB,0.0010866221842911257
SFM_SPB,0.0017135818295619517
ACN_SPB,0.000972857772093767
ALXN_SPB,0.0006412709565522401
EVRG_SPB,0.0011797872010535213
TOL_SPB,0.0018721776469447003
BLL_SPB,0.0012688010265269637
SARE,0.004135847813091029
SWKS_SPB,0.002569984129380541
OMC_SPB,0.0013837445718157871
HOLX_SPB,0.0021298404618837353
JEF_SPB,0.0015349771723335444
KNX_SPB,0.001710810334561386
TER_SPB,0.001968523839912577
BLMN_SPB,0.0021095151218325737
STLD_SPB,0.0018562215511528967
DRE_SPB,0.0012395375325506969
CI_SPB,0.0015915044878123544
WW_SPB,0.003108803108408706
PAGS_SPB,0.002143908523719103
BOX_SPB,0.001822083382973837
INFO_SPB,0.000940608243074152
AIRC_SPB,0.0017958982825151675
TGNA_SPB,0.0015976262887699563
NAVI_SPB,0.0019655753477609596
CHGG_SPB,0.0019687884161941303
BJ_SPB,0.002134604430032992
SIG_SPB,0.003507697805935626
NUE_SPB,0.0017761336316664815
PNC_SPB,0.0011754888153643294
ANGI_SPB,0.003449232886702561
ETN_SPB,0.0014405005391769851
K_SPB,0.001209940611592694
MXIM_SPB,0.0012415384819882652
VFC_SPB,0.0013491646594495366
ARCC_SPB,0.0008471758059772432
ZION_SPB,0.0015785923304225246
CC_SPB,0.0021752422966258796
HIG_SPB,0.0013080229670908287
CPB_SPB,0.001470949080336655
RTKM,0.0009184431044813184
PLAN_SPB,0.002063439319352772
TDOC_SPB,0.0026873351214455436
DT_SPB,0.003029975199075724
COST_SPB,0.0008118201004324903
DLTR_SPB,0.0011628133260863152
O_SPB,0.0010538494741427653
CIEN_SPB,0.001423812146450651
ROST_SPB,0.0015163101173854198
HFC_SPB,0.0026026937944134024
UNM_SPB,0.0017778565081877098
TOT_SPB,0.0011352543111401046
EIX_SPB,0.0010162381043208873
AVGO_SPB,0.0011849148860009961
USFD_SPB,0.0024030161124321088
YUMC_SPB,0.001307447714700652
HRL_SPB,0.0015670475629648143
SAREP,0.006431944511780774
IR_SPB,0.001429809041951033
DKS_SPB,0.0018780955118062666
BWA_SPB,0.0016425888999565864
PRU_SPB,0.0014589702808804306
FTV_SPB,0.0013352615070673026
LKQ_SPB,0.0014228303471691003
W_SPB,0.002824470862290916
LYV_SPB,0.0020392295620783657
URBN_SPB,0.0025094180053811276
LYB_SPB,0.0015846137212419988
DELL_SPB,0.0013546009724012325
ANF_SPB,0.002439390317149426
CF_SPB,0.0018344762600346724
NTAP_SPB,0.0013595343596724794
FLR_SPB,0.002887253075134519
SONO_SPB,0.0024951511421041754
PEG_SPB,0.001116425241085016
HOG_SPB,0.002802806198175881
MCHP_SPB,0.0018481416863366533
MLCO_SPB,0.0019005121514648114
CAH_SPB,0.0017114647236923775
STT_SPB,0.0014423448862126164
TRIP_SPB,0.0023522283550989603
APPS_SPB,0.005217097944255796
DSKY,0.0007765101259308975
ZI_SPB,0.0032222203482664327
ZS_SPB,0.0023179350078533804
NVTA_SPB,0.0034917546804982135
ADI_SPB,0.0011890450973771251
NWSA_SPB,0.0017100432567577575
XRX_SPB,0.0022421135792503937
WELL_SPB,0.0017509616270952775
MTLR,0.0012461308697273381
AMGN_SPB,0.001388046237041003
SFIX_SPB,0.004213047929890434
FDX_SPB,0.0012519087587158871
FANG_SPB,0.0029285960805233396
BBY_SPB,0.001504882139817951
SPR_SPB,0.002493283143831664
NRG_SPB,0.0017968943669769255
TSN_SPB,0.0014027337913858698
VTR_SPB,0.0016204972577547984
ADBE_SPB,0.0012168799159976973
ICE_SPB,0.0012502212682674529
EXPE_SPB,0.0021721951897811184
HLT_SPB,0.0014843455784262218
BAX_SPB,0.0013893667967372978
EXEL_SPB,0.0019173581125382139
HES_SPB,0.0020125653985489365
DFS_SPB,0.0016762286954566624
MAS_SPB,0.001206581947447851
LTHM_SPB,0.0032220153707942403
MNST_SPB,0.00115874575672529
ARMK_SPB,0.0017914297776189156
MAR_SPB,0.0014712440254042156
PLD_SPB,0.0012128066828110213
FL_SPB,0.0019976273602098087
GRUB_SPB,0.0015839481044757746
DISCK_SPB,0.0019242988019330532
STX_SPB,0.001570760218495619
IRM_SPB,0.0018791817550313295
FOLD_SPB,0.0026687689296843032
VNT_SPB,0.0021456129064341073
PGR_SPB,0.0012709420085679733
GS_SPB,0.0013504672181334344
XEL_SPB,0.0011962085762185768
HON_SPB,0.0010451390917084796
COF_SPB,0.0016904012725310945
BRX_SPB,0.0017672645161886434
MMM_SPB,0.0010517883094263132
IP_SPB,0.001651915287874619
DISH_SPB,0.0017446588783779215
OTIS_SPB,0.0018479224649388885
MTCH_SPB,0.0022897387583396475
VG_SPB,0.0017959384508661929
MTSS,0.0005153696433073663
ADM_SPB,0.001061194012793563
PLAY_SPB,0.0031385541953239545
PSX_SPB,0.002058695389340616
NXPI_SPB,0.001986836227680757
TATN,0.0008526239175698534
EMR_SPB,0.0013477596420055197
PBI_SPB,0.006630413793440003
SYY_SPB,0.0017072317256951735
LEN_SPB,0.0017610155198301521
TAL_SPB,0.0017291987582816245
UNP_SPB,0.001145720519966153
TPX_SPB,0.0018498001078198403
MBT_SPB,0.0008780188426600495
HRB_SPB,0.00192814461692906
KKR_SPB,0.0012529595813966148
Z_SPB,0.0025931315733380192
XLNX_SPB,0.0015716979175151057
WYNN_SPB,0.0022274090552861863
DOCU_SPB,0.002153125339074791
ETSY_SPB,0.0026550224400845755
CGNT_SPB,0.008588219353511398
NTNX_SPB,0.0019711993393746073
EW_SPB,0.0013131045708739695
NTES_SPB,0.001352649482055701
TWLO_SPB,0.0020954592968603167
CPRI_SPB,0.002777652020845029
CLR_SPB,0.003047770338578373
MCD_SPB,0.0009903543069355242
AFL_SPB,0.0011984095002447975
PBF_SPB,0.004839505899015429
PHM_SPB,0.001913974642798527
EA_SPB,0.001613251848096812
PEAK_SPB,0.0013712482804370762
BEN_SPB,0.0018888805190802474
JNPR_SPB,0.0016677775827607397
KDP_SPB,0.001201804212307045
MUR_SPB,0.0031889976997173854
CTSH_SPB,0.0014000972839307
CHWY_SPB,0.0031220453915748667
MOMO_SPB,0.002683667561496561
FIS_SPB,0.0011815322701361258
HWM_SPB,0.0020835762589842505
NMTP,0.0007134373459069771
PSTG_SPB,0.0023287228073556594
DXC_SPB,0.002832207399125091
DHR_SPB,0.0013771786631432087
UA_SPB,0.0019359931265676659
OKE_SPB,0.0017313234196752627
CHNG_SPB,0.0004407926450979949
UPS_SPB,0.0014500894019252963
NLSN_SPB,0.0013485226356310873
CL_SPB,0.0008509544799774498
DDOG_SPB,0.0027015313170056497
CAT_SPB,0.0014141115592291062
SPG_SPB,0.0018889002491649489
D_SPB,0.0010463461930755283
DASH_SPB,0.0030873086780283817
GIS_SPB,0.0013510531253637119
INVH_SPB,0.0011122687297183984
IPG_SPB,0.0014826063841472381
MA_SPB,0.0013246939227023343
PBCT_SPB,0.0014130734481377382
FTCH_SPB,0.003321024839126924
NET_SPB,0.002711052164721917
VLO_SPB,0.0023497410915274846
UNH_SPB,0.0011275367386630898
AVTR_SPB,0.0017974712711706549
GT_SPB,0.0021649305936896042
FAST_SPB,0.0012840539198766994
DHI_SPB,0.00169961420036008
CNK_SPB,0.003852354988800689
AXP_SPB,0.001314299734814735
AMZN_SPB,0.0013212814150442536
MTG_SPB,0.0016396190608785612
MAC_SPB,0.005518442399158684
FISV_SPB,0.0012233297412433848
QRTEA_SPB,0.002811271295000634
NWL_SPB,0.0014557850462583338
ETRN_SPB,0.0025035483918640802
HD_SPB,0.001035474842532516
BIDU_SPB,0.0018626959224005122
CAG_SPB,0.0013296178740386398
CSX_SPB,0.0010760374725614968
TMUS_SPB,0.0014069527373687526
WY_SPB,0.0015757497521212906
CNX_SPB,0.0031063095079743954
SO_SPB,0.000956966208400912
ALLY_SPB,0.0016577565673511025
NOV_SPB,0.002657899333032919
PEP_SPB,0.0009246719050446539
BX_SPB,0.001328038846593246
CRWD_SPB,0.0023929223318092377
ENPH_SPB,0.0030130278231993374
BILI_SPB,0.0032331312273649864
LOW_SPB,0.0011658286512273134
IBM_SPB,0.0009074824313424627
EOG_SPB,0.002048964696422767
FSLY_SPB,0.0031010654957142527
CFG_SPB,0.0016454914123403875
DISCA_SPB,0.0021056516908893653
KIM_SPB,0.0018565888782121878
TGT_SPB,0.0011795561787689135
TXN_SPB,0.0011757883521928455
MOS_SPB,0.0020920250118334326
PPL_SPB,0.0010495827307205152
FOXA_SPB,0.0018174407417810281
MAT_SPB,0.0014972549564150975
CTVA_SPB,0.0015416031282328203
CNC_SPB,0.0015253638494848224
GLW_SPB,0.0011454165963525947
DOW_SPB,0.0014441169311970427
ELAN_SPB,0.0016723244902809226
MDT_SPB,0.0012249813440961476
DBX_SPB,0.001978545945356757
FTI_SPB,0.002641885711166211
TPR_SPB,0.002307846723655412
BK_SPB,0.0011885116937771234
PM_SPB,0.0011785732374294984
LVS_SPB,0.0020584811194286857
AEO_SPB,0.0019639048966800135
JCI_SPB,0.0012888643129975613
LLY_SPB,0.0013750443149669234
AA_SPB,0.0026220939353012404
UNAC,0.002765539264465954
VEON_SPB,0.0027317090142072536
WDC_SPB,0.0020085761618228197
AES_SPB,0.001574054472603279
AIG_SPB,0.0014510524453627896
ATUS_SPB,0.0013783566313435606
ENDP_SPB,0.004543704314894437
TFC_SPB,0.0013434267024457923
OVV_SPB,0.0026147047132941865
IVZ_SPB,0.0016709015464654855
CNP_SPB,0.0013424329881502385
ABT_SPB,0.001213917676402325
EXC_SPB,0.0012139140970294478
MET_SPB,0.0013871217294860964
WU_SPB,0.0012195386175255353
CLDR_SPB,0.0027188751797927874
NLMK,0.0008776682478721876
JWN_SPB,0.0035234004531623547
UAA_SPB,0.0020578747519583067
BKR_SPB,0.002006087419744762
EQT_SPB,0.00313194695895921
HBI_SPB,0.001792346484644644
SYF_SPB,0.0019048577285638668
MSRS,0.0010030707776718078
DD_SPB,0.0019572292864268826
FITB_SPB,0.0015696257750036234
BYND_SPB,0.0030867996437049473
SAVE_SPB,0.0027771188136653203
ROSN,0.000999396626683536
WBA_SPB,0.001492170640404491
LB_SPB,0.0033147884343111885
MDLZ_SPB,0.0010947465179017258
CRM_SPB,0.0012379883561998127
SBERP,0.0008688569645976142
NKE_SPB,0.0011015593331283858
COG_SPB,0.002336553138875396
TJX_SPB,0.0013878550926285094
NLOK_SPB,0.0014998080975398322
ZM_SPB,0.002707965101342377
USB_SPB,0.0011943116227548047
POGR,0.0011498636944488896
NFLX_SPB,0.0015746791457407004
ON_SPB,0.0018573684778760656
VIPS_SPB,0.0027220343259544526
RCL_SPB,0.0021209071263165783
MRKS,0.0009760014940939931
CARR_SPB,0.0016122696021708103
VTRS_SPB,0.0016256900540024587
MPC_SPB,0.0023974613766890814
WMT_SPB,0.0008450919093943549
JNJ_SPB,0.00101182633202546
PG_SPB,0.0007995677068253396
ATVI_SPB,0.0013145146848904784
PYPL_SPB,0.0020064723057267035
IBN_SPB,0.0009994675777532996
RTX_SPB,0.0012568763896928649
KHC_SPB,0.0013327844666459932
TTLK,0.0015725751428766201
COP_SPB,0.0019819808029597624
WISH_SPB,0.0037546990709960326
LYFT_SPB,0.0025258018660200576
NEM_SPB,0.0012836851524345159
AMAT_SPB,0.0016068608390584476
NEE_SPB,0.0013210246954501136
SBUX_SPB,0.001208830125363243
ABBV_SPB,0.0012139283899551513
V_SPB,0.0011462144948120804
TSM_SPB,0.0014589568931224822
LUV_SPB,0.0016591419687788402
DVN_SPB,0.0026804198362022193
GPS_SPB,0.0021884838523334713
CVX_SPB,0.001394589931237597
CVS_SPB,0.0012426555404030958
RSTIP,0.0007963740636325631
HST_SPB,0.0016293293791245968
BSX_SPB,0.0014896760073026944
MRKU,0.0007293371933564672
APA_SPB,0.0034104887080528886
MO_SPB,0.0011773474190536243
KR_SPB,0.0016610671504778106
RRC_SPB,0.0037996449148657544
EBAY_SPB,0.0017908734611235006
MRK_SPB,0.0010828275234206315
BBBY_SPB,0.006331029429732208
AIV_SPB,0.0021698876560020523
WMB_SPB,0.0013327107950665586
DKNG_SPB,0.0033318903737598322
ABNB_SPB,0.0034134967433556173
SCHW_SPB,0.0016043253886073331
GILD_SPB,0.001247407354897429
SPCE_SPB,0.00765724276044155
HPE_SPB,0.001587593102581977
MOEX,0.0007624177293370261
KEY_SPB,0.0014524233307121673
SQ_SPB,0.002239273804084158
RUAL,0.001126865163888865
USBN,0.001007719959374694
RF_SPB,0.0015160474664596608
MRNA_SPB,0.0038966985315022824
HBAN_SPB,0.0014088854536918368
PTON_SPB,0.0027743136399852727
NVDA_SPB,0.0015501293233614077
COTY_SPB,0.0034480849326565892
QCOM_SPB,0.0017357703557709576
CLF_SPB,0.0026482812632756866
HPQ_SPB,0.0012127327640436315
ROKU_SPB,0.0021647783393620766
MS_SPB,0.0013736997352313983
VIAC_SPB,0.002750658640591763
PINS_SPB,0.003367250289681591
MGM_SPB,0.0020724338890816107
DIS_SPB,0.001391086934433571
LUMN_SPB,0.002586268251023348
ORCL_SPB,0.0010912248133632973
GM_SPB,0.0018304428258101818
SLB_SPB,0.0022921231344870873
AFLT,0.0006574130704212865
JD_SPB,0.001431838493654897
BMY_SPB,0.0013282432439850206
WORK_SPB,0.0007606698363099362
VZ_SPB,0.000774058822439975
KMI_SPB,0.0013877401162081392
PCG_SPB,0.0015669670003141713
KO_SPB,0.0007941397056990092
JPM_SPB,0.0011253112109239924
HAL_SPB,0.002286466760304832
MAGN,0.0010414320534705506
MSNG,0.0006584372620270599
ALRS,0.0011261312586021924
BA_SPB,0.0014952295078468248
BABA_SPB,0.0013330519725328123
TWTR_SPB,0.002100726128285883
UAL_SPB,0.0019401169496013353
DAL_SPB,0.0016927626261601795
FB_SPB,0.0013782174563141886
CMCSA_SPB,0.0012271690679283693
C_SPB,0.0013619369498533425
SWN_SPB,0.004267338383400178
ET_SPB,0.0018269159666705426
OXY_SPB,0.0029104639880710684
MRKY,0.001455665981549727
XOM_SPB,0.001620554955307711
M_SPB,0.0037626194129950817
FCX_SPB,0.0020806571725228247
MRO_SPB,0.002752833239805586
CSCO_SPB,0.0010527910257729957
MU_SPB,0.001522178767489342
UBER_SPB,0.0021901108004156447
RIG_SPB,0.004771759218858179
VALE_SPB,0.0017043537586234898
CCL_SPB,0.002368211657850255
INTC_SPB,0.0011553269639670047
SNAP_SPB,0.0029589635678653977
MRKC,0.0011740265052486687
PFE_SPB,0.001002948588152863
SNGSP,0.000614019024800665
MSFT_SPB,0.0011417252776028315
WFC_SPB,0.0013991541163412052
CBOM,0.00062281386331346
NOK_SPB,0.003499117330764065
T_SPB,0.0008839200031454445
AFKS,0.001328617193688766
AAL_SPB,0.0023790268672539343
SNGS,0.0008039664262309757
GAZP,0.0009589190044340104
ENRU,0.0005511644393251339
MRKZ,0.0010301695581343218
KUZB,0.0016882696023189916
UPRO,0.000634339227973751
SBER,0.0009904087141030665
BAC_SPB,0.0011818347284729262
TSLA_SPB,0.002104880904977368
F_SPB,0.0025059072425105923
AMD_SPB,0.001580802580548094
PLTR_SPB,0.005087417064788983
GE_SPB,0.001568244394601856
TGKDP,0.0032910932505049
MRKV,0.0006433512564960781
MRKP,0.0006880598220546019
AAPL_SPB,0.0014591690357873234
OGKB,0.0009899829645638757
RGSS,0.0026124014019800594
IRAO,0.0005966555131971771
RSTI,0.0007245742299552254
TGKBP,0.0022023290839216065
TGKN,0.0015234240611949877
TGKD,0.0031270633330217224
HYDR,0.0005508676461522657
FEES,0.0006390123087980342
TGKB,0.001884670648686429
TGKA,0.0010093453565936947
VTBR,0.0007609030295263018
